date,Casual,Member
2018-05-01,2913,11214
2018-05-02,2736,11196
2018-05-03,2957,11206
2018-05-04,4044,10076
2018-05-05,4783,7469
2018-05-06,4518,6894
2018-05-07,3319,10503
2018-05-08,2622,11235
2018-05-09,2709,11348
2018-05-10,2649,10399
2018-05-11,4184,10845
2018-05-12,6114,8113
2018-05-13,3081,5175
2018-05-14,2481,8378
2018-05-15,2672,9782
2018-05-16,918,6058
2018-05-17,510,4285
2018-05-18,471,4305
2018-05-19,2044,4754
2018-05-20,5929,8151
2018-05-21,3559,11068
2018-05-22,1422,7205
2018-05-23,3042,11526
2018-05-24,3353,11115
2018-05-25,4417,10408
2018-05-26,5989,6625
2018-05-27,6627,6347
2018-05-28,5276,6862
2018-05-29,2962,10379
2018-05-30,2344,10419
2018-05-31,1658,8472
2016-04-01,2542,8332
2016-04-02,3478,5804
2016-04-03,1921,4879
2016-04-04,971,6427
2016-04-05,645,6867
2016-04-06,1055,8013
2016-04-07,490,4943
2016-04-08,1651,7878
2016-04-09,795,3274
2016-04-10,2507,4914
2016-04-11,1479,7977
2016-04-12,926,7657
2016-04-13,1152,8979
2016-04-14,1323,9200
2016-04-15,2329,9066
2016-04-16,5969,7536
2016-04-17,5252,7115
2016-04-18,2409,9473
2016-04-19,1962,9965
2016-04-20,1712,9938
2016-04-21,1738,9709
2016-04-22,2068,9025
2016-04-23,3018,5469
2016-04-24,4816,7132
2016-04-25,2296,9398
2016-04-26,1754,9964
2016-04-27,924,7436
2016-04-28,353,4842
2016-04-29,1055,7203
2016-04-30,2845,5666
2016-05-01,947,3429
2016-05-02,1275,6864
2016-05-03,803,7329
2016-05-04,1018,8607
2016-05-05,893,7833
2016-05-06,169,2933
2016-05-07,2879,6346
2016-05-08,4057,6746
2016-05-09,1022,8142
2016-05-10,1311,8931
2016-05-11,620,7049
2016-05-12,1488,9317
2016-05-13,1543,8563
2016-05-14,3362,6027
2016-05-15,2686,5821
2016-05-16,2267,9090
2016-05-17,293,5081
2016-05-18,1162,9421
2016-05-19,1940,9780
2016-05-20,3238,10622
2016-05-21,1059,3373
2016-05-22,426,2425
2016-05-23,1249,6799
2016-05-24,2397,10838
2016-05-25,2220,10566
2016-05-26,1881,10307
2016-05-27,2767,9372
2016-05-28,5846,5714
2016-05-29,4911,4158
2016-05-30,4229,5701
2016-05-31,2045,9533
2016-06-01,1669,10686
2016-06-02,1671,10695
2016-06-03,1448,7069
2016-06-04,4286,7705
2016-06-05,2851,6527
2016-06-06,2055,10413
2016-06-07,2118,11153
2016-06-08,2097,11489
2016-06-09,2217,11206
2016-06-10,2891,10839
2016-06-11,4328,7665
2016-06-12,4153,6870
2016-06-13,2607,10554
2016-06-14,2409,11540
2016-06-15,2277,10677
2016-06-16,1778,9278
2016-06-17,2826,10464
2016-06-18,5823,7727
2016-06-19,4779,7051
2016-06-20,2818,10094
2016-06-21,1672,7841
2016-06-22,2876,11026
2016-06-23,1598,7837
2016-06-24,2617,9788
2016-06-25,5858,7742
2016-06-26,5274,7082
2016-06-27,2332,9590
2016-06-28,1624,9440
2016-06-29,2464,11314
2016-06-30,2396,10923
2013-04-01,1303,5065
2013-04-02,738,5164
2013-04-03,929,5297
2013-04-04,904,4925
2013-04-05,1559,6030
2013-04-06,4099,5172
2013-04-07,4428,5334
2013-04-08,1949,6517
2013-04-09,2138,7612
2013-04-10,1965,7588
2013-04-11,1886,7205
2013-04-12,1173,4824
2013-04-13,5375,5892
2013-04-14,4370,5234
2013-04-15,1289,5619
2013-04-16,1519,6728
2013-04-17,1363,7114
2013-04-18,1192,6494
2013-04-19,1082,5036
2013-04-20,3411,5382
2013-04-21,2510,4820
2013-04-22,779,5958
2013-04-23,946,6488
2013-04-24,1306,7154
2013-04-25,1350,6912
2013-04-26,1844,7152
2013-04-27,4947,5873
2013-04-28,3335,4516
2013-04-29,480,3809
2013-04-30,604,4755
2013-05-01,1197,7410
2013-05-02,1323,7167
2013-05-03,1774,6881
2013-05-04,3650,5822
2013-05-05,2931,5055
2013-05-06,1065,5440
2013-05-07,344,4075
2013-05-08,821,5765
2013-05-09,1122,6671
2013-05-10,1979,6891
2013-05-11,2099,4356
2013-05-12,3084,4926
2013-05-13,1064,6317
2013-05-14,1264,6797
2013-05-15,1321,7435
2013-05-16,1522,7373
2013-05-17,2544,7503
2013-05-18,1925,4408
2013-05-19,2077,4597
2013-05-20,1624,6759
2013-05-21,1648,7394
2013-05-22,1401,7494
2013-05-23,1288,6763
2013-05-24,1004,5623
2013-05-25,3621,4323
2013-05-26,5652,4236
2013-05-27,4452,4514
2013-05-28,1587,5964
2013-05-29,1736,7539
2013-05-30,1366,7374
2013-05-31,1835,7267
2013-06-01,3657,5800
2013-06-02,2997,4667
2013-06-03,1442,5951
2013-06-04,1852,8074
2013-06-05,1910,8076
2013-06-06,1223,5631
2013-06-07,242,2235
2013-06-08,3572,6186
2013-06-09,3433,5787
2013-06-10,713,3655
2013-06-11,1737,7456
2013-06-12,1585,7595
2013-06-13,1162,6097
2013-06-14,2209,7574
2013-06-15,4201,6245
2013-06-16,3533,5177
2013-06-17,1729,6884
2013-06-18,940,6200
2013-06-19,1802,8237
2013-06-20,1795,8352
2013-06-21,2367,7952
2013-06-22,4401,6398
2013-06-23,2404,4771
2013-06-24,1470,6572
2013-06-25,1559,7411
2013-06-26,1312,7080
2013-06-27,1302,7317
2013-06-28,1060,5187
2013-06-29,3973,6530
2013-06-30,2405,4682
2015-10-01,224,4575
2015-10-02,104,1975
2015-10-03,598,3452
2015-10-04,1311,5313
2015-10-05,1234,9211
2015-10-06,1203,10348
2015-10-07,1181,10553
2015-10-08,1474,10237
2015-10-09,1829,8672
2015-10-10,3800,6469
2015-10-11,4380,6111
2015-10-12,2889,7606
2015-10-13,1294,9509
2015-10-14,1214,10192
2015-10-15,1654,9852
2015-10-16,1874,9389
2015-10-17,2861,5921
2015-10-18,1788,5190
2015-10-19,913,8161
2015-10-20,933,9103
2015-10-21,1056,9622
2015-10-22,1643,9644
2015-10-23,2136,9334
2015-10-24,3434,6296
2015-10-25,2654,5933
2015-10-26,1434,8539
2015-10-27,939,8858
2015-10-28,201,4978
2015-10-29,1142,9490
2015-10-30,1125,8575
2015-10-31,2425,6296
2015-11-01,1897,5314
2015-11-02,1051,8395
2015-11-03,985,9523
2015-11-04,1092,9730
2015-11-05,1073,9480
2015-11-06,2155,9454
2015-11-07,1148,4462
2015-11-08,2790,6204
2015-11-09,564,6151
2015-11-10,248,5525
2015-11-11,945,7956
2015-11-12,543,7933
2015-11-13,928,8334
2015-11-14,1823,5348
2015-11-15,1932,5509
2015-11-16,757,8399
2015-11-17,652,8574
2015-11-18,752,9016
2015-11-19,258,5997
2015-11-20,947,8150
2015-11-21,1867,5432
2015-11-22,819,4129
2015-11-23,313,6288
2015-11-24,506,6994
2015-11-25,696,6168
2015-11-26,1366,2028
2015-11-27,2857,3383
2015-11-28,2824,3594
2015-11-29,343,2534
2015-11-30,114,4046
2015-12-01,73,3881
2015-12-02,160,5580
2015-12-03,308,7661
2015-12-04,478,7462
2015-12-05,1461,5625
2015-12-06,1104,4876
2015-12-07,559,7369
2015-12-08,483,7975
2015-12-09,301,7681
2015-12-10,561,8124
2015-12-11,797,7925
2015-12-12,2300,6420
2015-12-13,1933,6101
2015-12-14,545,6100
2015-12-15,526,8277
2015-12-16,595,8030
2015-12-17,135,4418
2015-12-18,344,6354
2015-12-19,532,3747
2015-12-20,574,3645
2015-12-21,591,6084
2015-12-22,396,4538
2015-12-23,101,2162
2015-12-24,465,2331
2015-12-25,730,772
2015-12-26,1029,1673
2015-12-27,2249,2374
2015-12-28,838,3621
2015-12-29,1004,4249
2015-12-30,1038,4237
2015-12-31,1291,4564
2018-02-01,412,7320
2018-02-02,225,4974
2018-02-03,551,3243
2018-02-04,100,1328
2018-02-05,281,5614
2018-02-06,304,6552
2018-02-07,102,4137
2018-02-08,289,6236
2018-02-09,639,6374
2018-02-10,279,1818
2018-02-11,648,2688
2018-02-12,557,6300
2018-02-13,406,6829
2018-02-14,584,7456
2018-02-15,1194,8565
2018-02-16,808,6114
2018-02-17,696,2425
2018-02-18,2909,4048
2018-02-19,814,3767
2018-02-20,1869,9120
2018-02-21,1990,9816
2018-02-22,657,6637
2018-02-23,818,6063
2018-02-24,1218,4189
2018-02-25,899,3655
2018-02-26,693,7772
2018-02-27,959,8727
2018-02-28,932,8778
2012-01-01,688,1572
2012-01-02,244,1693
2012-01-03,89,2130
2012-01-04,95,2262
2012-01-05,140,3111
2012-01-06,304,3750
2012-01-07,1074,3406
2012-01-08,601,2807
2012-01-09,106,2219
2012-01-10,173,3400
2012-01-11,92,2074
2012-01-12,270,3793
2012-01-13,173,3017
2012-01-14,333,2137
2012-01-15,283,2009
2012-01-16,217,2060
2012-01-17,125,2788
2012-01-18,109,3244
2012-01-19,131,3147
2012-01-20,114,3012
2012-01-21,67,1217
2012-01-22,196,1758
2012-01-23,145,2266
2012-01-24,439,3856
2012-01-25,467,3767
2012-01-26,243,3784
2012-01-27,269,3149
2012-01-28,776,3213
2012-01-29,557,2649
2012-01-30,126,3459
2012-01-31,324,4152
2012-02-01,304,4241
2012-02-02,190,3547
2012-02-03,310,3808
2012-02-04,383,2414
2012-02-05,317,2596
2012-02-06,206,3551
2012-02-07,200,4151
2012-02-08,107,2676
2012-02-09,161,3631
2012-02-10,225,3572
2012-02-11,192,1961
2012-02-12,73,1440
2012-02-13,94,3303
2012-02-14,131,3754
2012-02-15,141,3989
2012-02-16,74,2908
2012-02-17,349,3763
2012-02-18,1434,2836
2012-02-19,618,2051
2012-02-20,502,2589
2012-02-21,163,3586
2012-02-22,393,4343
2012-02-23,516,4499
2012-02-24,246,3213
2012-02-25,317,2372
2012-02-26,515,2845
2012-02-27,253,4033
2012-02-28,229,4104
2012-02-29,65,1750
2012-03-01,324,4611
2012-03-02,245,2909
2012-03-03,955,3065
2012-03-04,710,2668
2012-03-05,203,3105
2012-03-06,220,3705
2012-03-07,432,4442
2012-03-08,485,4839
2012-03-09,447,4078
2012-03-10,968,3104
2012-03-11,1658,3207
2012-03-12,838,4413
2012-03-13,762,5026
2012-03-14,998,5252
2012-03-15,1005,5124
2012-03-16,548,3782
2012-03-17,3154,4601
2012-03-18,2206,3626
2012-03-19,982,5119
2012-03-20,1051,4990
2012-03-21,1120,5049
2012-03-22,1334,5477
2012-03-23,2468,5796
2012-03-24,1033,2304
2012-03-25,1532,3405
2012-03-26,798,4713
2012-03-27,531,4516
2012-03-28,674,4965
2012-03-29,834,5221
2012-03-30,791,4620
2012-03-31,2299,3873
2017-01-01,1580,2483
2017-01-02,181,1457
2017-01-03,254,3517
2017-01-04,748,6437
2017-01-05,402,5812
2017-01-06,309,5261
2017-01-07,131,1678
2017-01-08,142,1778
2017-01-09,194,4423
2017-01-10,244,5362
2017-01-11,589,6678
2017-01-12,944,8147
2017-01-13,899,7132
2017-01-14,165,1699
2017-01-15,1436,3912
2017-01-16,578,3907
2017-01-17,183,5391
2017-01-18,535,6810
2017-01-19,1031,6345
2017-01-20,1384,4182
2017-01-21,3412,4745
2017-01-22,1180,2886
2017-01-23,118,2787
2017-01-24,416,6973
2017-01-25,793,8230
2017-01-26,463,7585
2017-01-27,524,6363
2017-01-28,1336,4219
2017-01-29,1042,4208
2017-01-30,194,5226
2017-01-31,463,7301
2017-02-01,469,7762
2017-02-02,439,7210
2017-02-03,382,6161
2017-02-04,918,3889
2017-02-05,1143,4346
2017-02-06,879,7520
2017-02-07,963,8833
2017-02-08,1176,9443
2017-02-09,219,5150
2017-02-10,425,5549
2017-02-11,2045,4776
2017-02-12,1086,3637
2017-02-13,409,5955
2017-02-14,406,7003
2017-02-15,511,6974
2017-02-16,339,6088
2017-02-17,815,6467
2017-02-18,5531,5195
2017-02-19,7049,5301
2017-02-20,4138,5920
2017-02-21,1239,7576
2017-02-22,1227,8432
2017-02-23,2089,9655
2017-02-24,3365,9594
2017-02-25,2956,5218
2017-02-26,1918,4421
2017-02-27,937,7327
2017-02-28,949,6879
2017-03-01,865,8112
2017-03-02,696,7438
2017-03-03,641,6100
2017-03-04,1303,3980
2017-03-05,1293,3706
2017-03-06,1262,7321
2017-03-07,1189,7194
2017-03-08,2093,8878
2017-03-09,2625,9781
2017-03-10,564,5434
2017-03-11,1191,3925
2017-03-12,1275,3346
2017-03-13,849,5621
2017-03-14,111,1472
2017-03-15,90,3269
2017-03-16,381,4798
2017-03-17,1162,6045
2017-03-18,3718,4527
2017-03-19,1930,3759
2017-03-20,1839,7464
2017-03-21,1895,8717
2017-03-22,929,7384
2017-03-23,1099,7517
2017-03-24,1843,7243
2017-03-25,9024,7167
2017-03-26,2453,4168
2017-03-27,2805,8562
2017-03-28,1822,8622
2017-03-29,2997,9792
2017-03-30,1819,8505
2017-03-31,421,3372
2015-07-01,2308,8915
2015-07-02,2488,8769
2015-07-03,6429,6362
2015-07-04,5755,4533
2015-07-05,6211,5988
2015-07-06,2614,8288
2015-07-07,2393,9830
2015-07-08,1683,7812
2015-07-09,1916,9129
2015-07-10,3072,9941
2015-07-11,4847,7573
2015-07-12,4314,7397
2015-07-13,1864,8360
2015-07-14,1975,9616
2015-07-15,2039,10049
2015-07-16,2516,10741
2015-07-17,2977,9650
2015-07-18,4426,6670
2015-07-19,4155,5993
2015-07-20,2318,8538
2015-07-21,2246,9565
2015-07-22,2468,10466
2015-07-23,2575,10417
2015-07-24,3280,10059
2015-07-25,5807,7095
2015-07-26,4682,6632
2015-07-27,2482,8437
2015-07-28,2528,9448
2015-07-29,2428,9742
2015-07-30,1803,9005
2015-07-31,2751,9645
2015-08-01,4940,7103
2015-08-02,4550,6897
2015-08-03,2714,9371
2015-08-04,2212,9414
2015-08-05,2408,10093
2015-08-06,2565,10052
2015-08-07,2827,9354
2015-08-08,5843,7127
2015-08-09,4923,6728
2015-08-10,2362,8132
2015-08-11,2065,9277
2015-08-12,2304,10181
2015-08-13,2344,10091
2015-08-14,2972,9577
2015-08-15,5261,6821
2015-08-16,3872,6320
2015-08-17,2135,8836
2015-08-18,2098,9497
2015-08-19,1985,9981
2015-08-20,1823,8369
2015-08-21,3064,9838
2015-08-22,4995,7344
2015-08-23,4119,6862
2015-08-24,1963,8320
2015-08-25,2220,10452
2015-08-26,1933,10397
2015-08-27,2022,10384
2015-08-28,2440,9770
2015-08-29,4426,7100
2015-08-30,3512,6676
2015-08-31,1716,9336
2015-09-01,1504,10018
2015-09-02,1545,9833
2015-09-03,1670,9461
2015-09-04,2187,8863
2015-09-05,5260,5607
2015-09-06,6970,5430
2015-09-07,4295,6056
2015-09-08,1381,9584
2015-09-09,1352,9713
2015-09-10,1078,9278
2015-09-11,2085,10082
2015-09-12,1417,5248
2015-09-13,3127,7270
2015-09-14,1592,9564
2015-09-15,1540,10403
2015-09-16,1485,10453
2015-09-17,1561,10388
2015-09-18,1809,10147
2015-09-19,3971,7609
2015-09-20,3604,7394
2015-09-21,1314,6502
2015-09-22,1783,10169
2015-09-23,2339,10434
2015-09-24,2320,10194
2015-09-25,1814,9589
2015-09-26,3509,7529
2015-09-27,2892,7087
2015-09-28,1569,9736
2015-09-29,930,6310
2015-09-30,1047,9137
2013-07-01,1372,6470
2013-07-02,1284,6537
2013-07-03,1603,6122
2013-07-04,5222,5520
2013-07-05,4785,5772
2013-07-06,4295,4607
2013-07-07,2490,4381
2013-07-08,1323,6747
2013-07-09,1197,7568
2013-07-10,1116,6997
2013-07-11,1385,7485
2013-07-12,1006,4719
2013-07-13,3223,6055
2013-07-14,2797,5593
2013-07-15,1343,6690
2013-07-16,1304,7098
2013-07-17,1341,7292
2013-07-18,1121,6704
2013-07-19,1512,6466
2013-07-20,3129,5494
2013-07-21,3132,5332
2013-07-22,1578,7100
2013-07-23,1513,7721
2013-07-24,1707,8053
2013-07-25,1908,8197
2013-07-26,2243,8019
2013-07-27,3173,5210
2013-07-28,2862,5276
2013-07-29,1915,7328
2013-07-30,1955,7923
2013-07-31,1468,7234
2013-08-01,1178,6577
2013-08-02,2358,7456
2013-08-03,3315,5135
2013-08-04,4317,6080
2013-08-05,2344,7709
2013-08-06,1547,6835
2013-08-07,1931,7788
2013-08-08,1538,7330
2013-08-09,2152,7309
2013-08-10,4129,5918
2013-08-11,3875,5610
2013-08-12,2154,7327
2013-08-13,1590,6713
2013-08-14,1997,8394
2013-08-15,2191,8438
2013-08-16,2794,7969
2013-08-17,4739,6303
2013-08-18,1749,4004
2013-08-19,1847,7121
2013-08-20,1725,7854
2013-08-21,1647,7493
2013-08-22,1862,7681
2013-08-23,1158,6467
2013-08-24,3782,7062
2013-08-25,3327,6154
2013-08-26,1687,7582
2013-08-27,1538,7968
2013-08-28,993,6643
2013-08-29,1646,7697
2013-08-30,2306,7355
2013-08-31,4365,5038
2013-09-01,4698,4518
2013-09-02,3201,4824
2013-09-03,1375,7435
2013-09-04,1532,8202
2013-09-05,1575,8343
2013-09-06,1814,8327
2013-09-07,3211,6907
2013-09-08,3033,6367
2013-09-09,1381,7675
2013-09-10,1435,7995
2013-09-11,1271,7904
2013-09-12,946,6035
2013-09-13,1589,8342
2013-09-14,3943,7188
2013-09-15,3201,6547
2013-09-16,1084,7184
2013-09-17,1269,8567
2013-09-18,1298,8654
2013-09-19,1637,8723
2013-09-20,1909,8636
2013-09-21,2149,4691
2013-09-22,2749,6590
2013-09-23,1272,7709
2013-09-24,1144,8345
2013-09-25,1169,8355
2013-09-26,1293,8495
2013-09-27,1634,8224
2013-09-28,3502,6555
2013-09-29,3080,6171
2013-09-30,1338,7694
2014-01-01,730,2281
2014-01-02,288,3028
2014-01-03,75,1533
2014-01-04,158,2084
2014-01-05,135,1925
2014-01-06,123,3384
2014-01-07,29,2253
2014-01-08,75,3780
2014-01-09,190,4758
2014-01-10,81,1762
2014-01-11,97,1858
2014-01-12,999,4414
2014-01-13,732,6129
2014-01-14,345,4714
2014-01-15,516,5943
2014-01-16,385,5631
2014-01-17,532,5606
2014-01-18,410,2889
2014-01-19,720,3379
2014-01-20,880,4436
2014-01-21,45,1702
2014-01-22,13,1413
2014-01-23,34,2392
2014-01-24,40,2583
2014-01-25,93,2166
2014-01-26,130,2424
2014-01-27,69,4415
2014-01-28,39,3090
2014-01-29,58,3102
2014-01-30,68,4110
2014-01-31,239,5185
2014-02-01,767,4575
2014-02-02,836,4587
2014-02-03,61,2401
2014-02-04,130,5047
2014-02-05,116,3630
2014-02-06,150,5026
2014-02-07,220,5174
2014-02-08,390,3647
2014-02-09,212,2908
2014-02-10,127,4304
2014-02-11,181,4566
2014-02-12,84,3861
2014-02-13,3,49
2014-02-14,73,1838
2014-02-15,139,1609
2014-02-16,384,2454
2014-02-17,330,2981
2014-02-18,269,4817
2014-02-19,244,5378
2014-02-20,429,6148
2014-02-21,346,5437
2014-02-22,1953,5864
2014-02-23,841,5224
2014-02-24,295,5101
2014-02-25,157,4404
2014-02-26,102,3819
2014-02-27,159,4723
2014-02-28,173,3920
2014-03-01,806,3754
2014-03-02,540,2953
2014-03-03,16,402
2014-03-04,62,2182
2014-03-05,237,4275
2014-03-06,240,4592
2014-03-07,256,4808
2014-03-08,2810,5606
2014-03-09,1488,4428
2014-03-10,844,5941
2014-03-11,1306,7054
2014-03-12,702,5527
2014-03-13,212,3772
2014-03-14,1119,5830
2014-03-15,3753,6591
2014-03-16,1262,3551
2014-03-17,61,1218
2014-03-18,219,4439
2014-03-19,112,3642
2014-03-20,797,6717
2014-03-21,1007,6670
2014-03-22,4709,6138
2014-03-23,1184,4129
2014-03-24,519,4822
2014-03-25,105,2987
2014-03-26,248,4685
2014-03-27,621,5828
2014-03-28,896,5774
2014-03-29,287,1975
2014-03-30,58,838
2014-03-31,1392,6766
2018-04-01,5077,5391
2018-04-02,1890,7512
2018-04-03,1531,7695
2018-04-04,1618,8291
2018-04-05,2697,9043
2018-04-06,4885,10045
2018-04-07,2256,5325
2018-04-08,3921,6238
2018-04-09,1100,6946
2018-04-10,1759,8749
2018-04-11,1781,9382
2018-04-12,2761,10325
2018-04-13,5124,10972
2018-04-14,10039,9074
2018-04-15,1494,3361
2018-04-16,706,5815
2018-04-17,920,8079
2018-04-18,1828,9567
2018-04-19,1082,7610
2018-04-20,2347,9220
2018-04-21,6183,7857
2018-04-22,5836,7166
2018-04-23,2582,9234
2018-04-24,827,6250
2018-04-25,1242,7932
2018-04-26,3144,10797
2018-04-27,2534,7792
2018-04-28,6867,8034
2018-04-29,3066,5774
2018-04-30,2505,9829
2016-07-01,3026,9379
2016-07-02,7360,6712
2016-07-03,7759,5277
2016-07-04,3708,3892
2016-07-05,3107,8863
2016-07-06,2531,9917
2016-07-07,2270,9948
2016-07-08,2309,9272
2016-07-09,4818,7380
2016-07-10,4681,7300
2016-07-11,2751,9959
2016-07-12,2543,10625
2016-07-13,2311,10209
2016-07-14,2433,9653
2016-07-15,3111,9502
2016-07-16,7359,6478
2016-07-17,8629,6897
2016-07-18,2225,7504
2016-07-19,2383,9942
2016-07-20,2569,10731
2016-07-21,2528,10334
2016-07-22,3033,9072
2016-07-23,4167,6094
2016-07-24,3986,5629
2016-07-25,2202,8073
2016-07-26,2107,9043
2016-07-27,2062,9506
2016-07-28,1813,7553
2016-07-29,3061,9090
2016-07-30,3708,5230
2016-07-31,4398,6446
2016-08-01,2713,9238
2016-08-02,2771,10603
2016-08-03,2912,10679
2016-08-04,3157,10398
2016-08-05,3462,9724
2016-08-06,4894,6446
2016-08-07,5122,6840
2016-08-08,2708,9218
2016-08-09,2562,9862
2016-08-10,2392,9866
2016-08-11,2496,8970
2016-08-12,2627,8226
2016-08-13,3400,5317
2016-08-14,2732,4976
2016-08-15,1766,7474
2016-08-16,2059,9257
2016-08-17,1977,9011
2016-08-18,2380,9441
2016-08-19,2669,9246
2016-08-20,4875,6659
2016-08-21,2666,4586
2016-08-22,2664,9685
2016-08-23,2433,10609
2016-08-24,2355,10398
2016-08-25,2427,10097
2016-08-26,2387,8909
2016-08-27,4447,6750
2016-08-28,3900,6628
2016-08-29,2056,9377
2016-08-30,1914,10302
2016-08-31,1553,10060
2016-09-01,1545,8453
2016-09-02,3174,9541
2016-09-03,5404,5623
2016-09-04,7296,5494
2016-09-05,4945,6275
2016-09-06,2086,9666
2016-09-07,1602,9426
2016-09-08,1679,9791
2016-09-09,2026,9389
2016-09-10,3528,6848
2016-09-11,4217,7368
2016-09-12,2284,10027
2016-09-13,2110,10695
2016-09-14,1911,10614
2016-09-15,2232,11041
2016-09-16,2842,10369
2016-09-17,5041,7861
2016-09-18,4253,7094
2016-09-19,953,7511
2016-09-20,1926,10704
2016-09-21,1859,10630
2016-09-22,2046,10684
2016-09-23,2987,10355
2016-09-24,5192,7914
2016-09-25,4674,7275
2016-09-26,1844,9608
2016-09-27,1883,10474
2016-09-28,946,6781
2016-09-29,495,5391
2016-09-30,1216,7310
2015-04-01,1780,8097
2015-04-02,2608,8668
2015-04-03,1177,5251
2015-04-04,5102,5336
2015-04-05,5228,4959
2015-04-06,3617,9023
2015-04-07,2498,8619
2015-04-08,993,6448
2015-04-09,1053,6775
2015-04-10,2200,7198
2015-04-11,8614,8132
2015-04-12,7838,7914
2015-04-13,3186,9510
2015-04-14,293,3532
2015-04-15,1886,9243
2015-04-16,2012,9679
2015-04-17,3141,9409
2015-04-18,7748,8260
2015-04-19,4436,5819
2015-04-20,1769,7299
2015-04-21,2050,9594
2015-04-22,1513,9032
2015-04-23,1611,8496
2015-04-24,2199,8177
2015-04-25,2684,4508
2015-04-26,4014,6323
2015-04-27,1221,7648
2015-04-28,1688,9311
2015-04-29,1939,9725
2015-04-30,1511,8746
2015-05-01,1778,8578
2015-05-02,5110,7469
2015-05-03,4986,7120
2015-05-04,2609,9383
2015-05-05,1785,9315
2015-05-06,1825,9664
2015-05-07,2131,10191
2015-05-08,2925,10506
2015-05-09,5134,7717
2015-05-10,4545,6555
2015-05-11,2530,9609
2015-05-12,2265,9802
2015-05-13,1763,10017
2015-05-14,2546,10071
2015-05-15,3365,10286
2015-05-16,4454,6754
2015-05-17,3966,6976
2015-05-18,2358,8087
2015-05-19,2182,9886
2015-05-20,2521,10465
2015-05-21,517,6466
2015-05-22,3183,9348
2015-05-23,6652,6068
2015-05-24,7787,5792
2015-05-25,5870,6139
2015-05-26,2263,9091
2015-05-27,1676,9799
2015-05-28,2100,9538
2015-05-29,2417,9650
2015-05-30,5062,7610
2015-05-31,4046,6882
2015-06-01,1498,6608
2015-06-02,901,7154
2015-06-03,1121,8761
2015-06-04,847,5513
2015-06-05,2074,9008
2015-06-06,4674,8011
2015-06-07,4543,7132
2015-06-08,1838,8129
2015-06-09,1856,9916
2015-06-10,1572,10018
2015-06-11,2033,9821
2015-06-12,2109,8763
2015-06-13,4436,7332
2015-06-14,3265,6250
2015-06-15,1919,8068
2015-06-16,1866,9634
2015-06-17,1837,9338
2015-06-18,1530,8465
2015-06-19,2463,9561
2015-06-20,3448,5870
2015-06-21,2264,6520
2015-06-22,2191,9072
2015-06-23,1286,7904
2015-06-24,2212,10378
2015-06-25,2099,9032
2015-06-26,2963,10079
2015-06-27,683,2622
2015-06-28,4273,7348
2015-06-29,2713,9492
2015-06-30,2136,9844
2018-12-01,378,2857
2018-12-02,550,4283
2018-12-03,468,7710
2018-12-04,316,6726
2018-12-05,406,6100
2018-12-06,326,6626
2018-12-07,327,6239
2018-12-08,486,3934
2018-12-09,344,3203
2018-12-10,267,5838
2018-12-11,399,6596
2018-12-12,422,7152
2018-12-13,511,7694
2018-12-14,407,6009
2018-12-15,94,1114
2018-12-16,173,2190
2018-12-17,614,7158
2018-12-18,380,7134
2018-12-19,399,7067
2018-12-20,156,4243
2018-12-21,469,5227
2018-12-22,602,3108
2018-12-23,703,2567
2018-12-24,435,2057
2018-12-25,548,1196
2018-12-26,743,3009
2018-12-27,1150,4280
2018-12-28,166,1959
2018-12-29,1756,4252
2018-12-30,1295,3634
2018-12-31,229,2172
2013-10-01,1339,8916
2013-10-02,1289,8960
2013-10-03,1248,8811
2013-10-04,1667,8491
2013-10-05,3401,7055
2013-10-06,2992,6658
2013-10-07,420,5377
2013-10-08,1278,8551
2013-10-09,757,5603
2013-10-10,180,2311
2013-10-11,117,1658
2013-10-12,1299,3892
2013-10-13,1523,4415
2013-10-14,1830,6988
2013-10-15,1031,8241
2013-10-16,1113,8516
2013-10-17,1049,8419
2013-10-18,1870,8386
2013-10-19,3190,6119
2013-10-20,2541,5952
2013-10-21,1331,7625
2013-10-22,736,8254
2013-10-23,616,7268
2013-10-24,591,7232
2013-10-25,913,6953
2013-10-26,2195,5711
2013-10-27,2380,5537
2013-10-28,1177,7338
2013-10-29,963,7986
2013-10-30,806,7249
2013-10-31,723,7612
2013-11-01,921,7125
2013-11-02,2866,6507
2013-11-03,2115,5537
2013-11-04,554,6300
2013-11-05,670,7482
2013-11-06,797,7982
2013-11-07,485,7489
2013-11-08,727,6781
2013-11-09,2191,5350
2013-11-10,2067,5110
2013-11-11,972,6216
2013-11-12,262,5850
2013-11-13,280,6186
2013-11-14,378,6895
2013-11-15,782,6889
2013-11-16,1529,5275
2013-11-17,1446,5499
2013-11-18,707,7546
2013-11-19,426,7019
2013-11-20,452,6888
2013-11-21,471,7050
2013-11-22,719,7427
2013-11-23,1267,4867
2013-11-24,370,2823
2013-11-25,310,4950
2013-11-26,51,1822
2013-11-27,44,2196
2013-11-28,388,1186
2013-11-29,722,2196
2013-11-30,784,2219
2013-12-01,662,3008
2013-12-02,284,6030
2013-12-03,416,7032
2013-12-04,437,7114
2013-12-05,582,7560
2013-12-06,145,2799
2013-12-07,593,4285
2013-12-08,88,1269
2013-12-09,67,3379
2013-12-10,99,2597
2013-12-11,224,5246
2013-12-12,158,4926
2013-12-13,246,5378
2013-12-14,253,2541
2013-12-15,539,3762
2013-12-16,239,5373
2013-12-17,202,5148
2013-12-18,292,5480
2013-12-19,481,6172
2013-12-20,580,5931
2013-12-21,1838,4592
2013-12-22,660,2170
2013-12-23,159,1843
2013-12-24,276,2069
2013-12-25,354,647
2013-12-26,425,2021
2013-12-27,800,2784
2013-12-28,1936,2485
2013-12-29,287,1154
2013-12-30,674,3682
2013-12-31,531,3595
2018-03-01,572,7242
2018-03-02,266,2901
2018-03-03,1471,4243
2018-03-04,1985,4528
2018-03-05,1003,6696
2018-03-06,536,6607
2018-03-07,472,6141
2018-03-08,673,7104
2018-03-09,780,6455
2018-03-10,2867,5428
2018-03-11,2985,4759
2018-03-12,838,6448
2018-03-13,846,6598
2018-03-14,531,6335
2018-03-15,1225,7266
2018-03-16,1049,6284
2018-03-17,1577,4068
2018-03-18,3891,5652
2018-03-19,1749,7810
2018-03-20,70,2070
2018-03-21,59,1239
2018-03-22,555,6073
2018-03-23,1425,7097
2018-03-24,3554,6592
2018-03-25,2291,4556
2018-03-26,2115,7360
2018-03-27,1151,6825
2018-03-28,1465,5951
2018-03-29,4127,9555
2018-03-30,3541,7572
2018-03-31,8550,7324
2016-10-01,1782,4847
2016-10-02,3910,6534
2016-10-03,2445,9856
2016-10-04,2237,10557
2016-10-05,1855,10735
2016-10-06,2178,10184
2016-10-07,3358,9837
2016-10-08,1498,3627
2016-10-09,4004,6022
2016-10-10,3167,7248
2016-10-11,1870,9659
2016-10-12,1919,9878
2016-10-13,2090,10149
2016-10-14,2956,9515
2016-10-15,5442,6877
2016-10-16,4547,6706
2016-10-17,2462,9443
2016-10-18,2192,10794
2016-10-19,2121,10800
2016-10-20,2426,10594
2016-10-21,1905,8680
2016-10-22,2829,6075
2016-10-23,3625,5980
2016-10-24,1724,9076
2016-10-25,1519,9662
2016-10-26,1335,9362
2016-10-27,860,8420
2016-10-28,1720,8907
2016-10-29,4623,6992
2016-10-30,4536,6366
2016-10-31,1886,8840
2016-11-01,1488,9881
2016-11-02,1629,10494
2016-11-03,1661,10297
2016-11-04,2398,9582
2016-11-05,4527,6776
2016-11-06,3646,6194
2016-11-07,1452,8703
2016-11-08,1864,10162
2016-11-09,946,6453
2016-11-10,1377,8874
2016-11-11,2595,7253
2016-11-12,3192,5135
2016-11-13,2970,5185
2016-11-14,1275,7935
2016-11-15,1201,9194
2016-11-16,1136,8910
2016-11-17,1217,9278
2016-11-18,2059,9194
2016-11-19,3121,5126
2016-11-20,727,3099
2016-11-21,528,6298
2016-11-22,779,6847
2016-11-23,1172,5731
2016-11-24,1566,1762
2016-11-25,2850,2981
2016-11-26,2094,2897
2016-11-27,1216,3651
2016-11-28,691,7336
2016-11-29,287,6044
2016-11-30,349,5821
2016-12-01,656,8475
2016-12-02,921,7490
2016-12-03,1423,4786
2016-12-04,948,4316
2016-12-05,704,7506
2016-12-06,155,3738
2016-12-07,638,8017
2016-12-08,537,7456
2016-12-09,455,5964
2016-12-10,711,3491
2016-12-11,585,3230
2016-12-12,573,6464
2016-12-13,464,7279
2016-12-14,486,7124
2016-12-15,148,4408
2016-12-16,210,4307
2016-12-17,233,2086
2016-12-18,425,2888
2016-12-19,494,5834
2016-12-20,384,5722
2016-12-21,560,6027
2016-12-22,670,5517
2016-12-23,523,3686
2016-12-24,281,1091
2016-12-25,1240,915
2016-12-26,818,1543
2016-12-27,1645,4158
2016-12-28,1910,4486
2016-12-29,842,3412
2016-12-30,832,3615
2016-12-31,977,2240
2017-07-01,5698,5711
2017-07-02,7750,5833
2017-07-03,7025,8268
2017-07-04,8612,6791
2017-07-05,2959,7628
2017-07-06,1433,5924
2017-07-07,3979,10002
2017-07-08,7472,8045
2017-07-09,7554,7748
2017-07-10,3153,9766
2017-07-11,3197,10479
2017-07-12,3220,10265
2017-07-13,3013,9646
2017-07-14,2838,7474
2017-07-15,7074,7395
2017-07-16,6446,7138
2017-07-17,3192,9286
2017-07-18,3064,9858
2017-07-19,2761,10405
2017-07-20,2911,9762
2017-07-21,3795,9144
2017-07-22,4570,5458
2017-07-23,4979,6071
2017-07-24,3291,9228
2017-07-25,3790,11184
2017-07-26,3954,11595
2017-07-27,3934,10718
2017-07-28,1129,4597
2017-07-29,4079,5686
2017-07-30,7793,7974
2017-07-31,4096,9840
2017-08-01,2907,9495
2017-08-02,3333,10746
2017-08-03,3125,9671
2017-08-04,4317,9971
2017-08-05,8358,7988
2017-08-06,7173,6986
2017-08-07,926,4969
2017-08-08,3888,10854
2017-08-09,3946,11016
2017-08-10,4057,10722
2017-08-11,3383,9006
2017-08-12,5521,6171
2017-08-13,6791,7355
2017-08-14,3720,9460
2017-08-15,1918,8035
2017-08-16,3079,10498
2017-08-17,3094,10207
2017-08-18,2998,8405
2017-08-19,6170,7272
2017-08-20,5512,7131
2017-08-21,3096,9175
2017-08-22,2688,9915
2017-08-23,3242,10819
2017-08-24,3242,10892
2017-08-25,3958,10924
2017-08-26,6549,8130
2017-08-27,5745,7611
2017-08-28,2884,10245
2017-08-29,562,4058
2017-08-30,2884,11830
2017-08-31,2781,11130
2017-09-01,3359,9817
2017-09-02,1321,2854
2017-09-03,8860,6511
2017-09-04,6433,7147
2017-09-05,2069,9290
2017-09-06,443,5553
2017-09-07,2289,11761
2017-09-08,3245,11446
2017-09-09,6216,8546
2017-09-10,5188,7821
2017-09-11,2982,10419
2017-09-12,2741,11756
2017-09-13,2116,9804
2017-09-14,2257,10962
2017-09-15,3421,11183
2017-09-16,6589,8708
2017-09-17,5435,7734
2017-09-18,2632,10402
2017-09-19,2428,11617
2017-09-20,2355,11365
2017-09-21,2338,11143
2017-09-22,3301,10739
2017-09-23,5400,8084
2017-09-24,4863,7110
2017-09-25,2391,10262
2017-09-26,2041,11416
2017-09-27,2063,11218
2017-09-28,2528,11848
2017-09-29,3346,11184
2017-09-30,5132,7889
2015-01-01,559,2019
2015-01-02,938,4170
2015-01-03,217,1486
2015-01-04,502,3156
2015-01-05,293,4929
2015-01-06,45,2015
2015-01-07,65,2970
2015-01-08,40,2912
2015-01-09,87,4127
2015-01-10,159,2514
2015-01-11,363,3088
2015-01-12,83,2072
2015-01-13,246,5227
2015-01-14,205,4350
2015-01-15,272,5502
2015-01-16,263,5420
2015-01-17,693,3524
2015-01-18,277,2246
2015-01-19,618,4016
2015-01-20,202,6061
2015-01-21,121,5229
2015-01-22,309,6060
2015-01-23,268,4465
2015-01-24,231,3241
2015-01-25,657,4502
2015-01-26,34,2395
2015-01-27,72,3995
2015-01-28,103,4991
2015-01-29,95,4533
2015-01-30,131,4717
2015-01-31,321,3010
2015-02-01,269,3318
2015-02-02,54,3827
2015-02-03,6,5111
2015-02-04,39,6035
2015-02-05,153,4833
2015-02-06,176,4751
2015-02-07,737,4188
2015-02-08,1554,5093
2015-02-09,164,4775
2015-02-10,204,5463
2015-02-11,416,6176
2015-02-12,223,5216
2015-02-13,165,3845
2015-02-14,481,2452
2015-02-15,71,970
2015-02-16,96,1219
2015-02-17,35,1143
2015-02-18,43,3100
2015-02-19,57,2625
2015-02-20,61,2423
2015-02-21,22,719
2015-02-22,141,1848
2015-02-23,79,3518
2015-02-24,59,3812
2015-02-25,118,4832
2015-02-26,103,3372
2015-02-27,186,4454
2015-02-28,396,2826
2015-03-01,48,720
2015-03-02,170,3897
2015-03-03,155,3676
2015-03-04,112,4029
2015-03-05,29,509
2015-03-06,73,1855
2015-03-07,352,2830
2015-03-08,1273,4075
2015-03-09,1301,6641
2015-03-10,362,3579
2015-03-11,994,6706
2015-03-12,1709,7290
2015-03-13,1352,6556
2015-03-14,758,2789
2015-03-15,1929,4487
2015-03-16,1574,7207
2015-03-17,1414,7613
2015-03-18,772,6610
2015-03-19,1137,6907
2015-03-20,145,2760
2015-03-21,3227,5816
2015-03-22,2639,5314
2015-03-23,1403,6564
2015-03-24,956,6773
2015-03-25,663,6760
2015-03-26,1156,7380
2015-03-27,834,5168
2015-03-28,854,3719
2015-03-29,1606,4066
2015-03-30,1543,7409
2015-03-31,1232,6779
2018-11-01,1328,11104
2018-11-02,1254,8851
2018-11-03,2372,6912
2018-11-04,2231,6853
2018-11-05,306,4093
2018-11-06,298,5725
2018-11-07,746,9172
2018-11-08,884,9536
2018-11-09,418,5012
2018-11-10,1120,4962
2018-11-11,1282,5038
2018-11-12,678,4768
2018-11-13,364,6500
2018-11-14,433,7616
2018-11-15,55,2100
2018-11-16,577,7125
2018-11-17,1461,5702
2018-11-18,1209,5243
2018-11-19,911,8163
2018-11-20,699,7655
2018-11-21,779,5966
2018-11-22,352,1581
2018-11-23,504,2247
2018-11-24,153,1346
2018-11-25,1340,4947
2018-11-26,261,5548
2018-11-27,241,6370
2018-11-28,186,5954
2018-11-29,287,6542
2018-11-30,448,6568
2018-12-01,378,2857
2018-12-02,550,4283
2018-12-03,467,7709
2018-12-04,68,2369
2010-09-20,34,178
2010-09-21,109,215
2010-09-22,117,260
2010-09-23,124,249
2010-09-24,156,206
2010-09-25,267,272
2010-09-26,230,307
2010-09-27,64,222
2010-09-28,101,310
2010-09-29,77,345
2010-09-30,19,140
2010-10-01,164,414
2010-10-02,397,442
2010-10-03,222,283
2010-10-04,58,268
2010-10-05,86,538
2010-10-06,94,569
2010-10-07,162,707
2010-10-08,218,696
2010-10-09,570,539
2010-10-10,621,476
2010-10-11,350,617
2010-10-12,248,832
2010-10-13,237,894
2010-10-14,72,501
2010-10-15,280,857
2010-10-16,567,807
2010-10-17,597,735
2010-10-18,194,943
2010-10-19,194,955
2010-10-20,166,974
2010-10-21,194,1134
2010-10-22,237,1125
2010-10-23,760,938
2010-10-24,718,826
2010-10-25,227,1100
2010-10-26,267,1287
2010-10-27,142,875
2010-10-28,357,1337
2010-10-29,416,1236
2010-10-30,1157,1133
2010-10-31,988,954
2010-11-01,236,1215
2010-11-02,182,1223
2010-11-03,180,1310
2010-11-04,45,544
2010-11-05,294,1560
2010-11-06,604,1212
2010-11-07,394,1020
2010-11-08,163,1436
2010-11-09,215,1719
2010-11-10,226,1822
2010-11-11,417,1632
2010-11-12,396,1624
2010-11-13,915,1350
2010-11-14,822,1183
2010-11-15,218,1517
2010-11-16,62,710
2010-11-17,180,1743
2010-11-18,191,1665
2010-11-19,250,1704
2010-11-20,837,1514
2010-11-21,563,1189
2010-11-22,257,1648
2010-11-23,161,1604
2010-11-24,157,1322
2010-11-25,196,357
2010-11-26,197,581
2010-11-27,362,576
2010-11-28,207,737
2010-11-29,96,1388
2010-11-30,94,1165
2010-12-01,40,939
2010-12-02,89,1369
2010-12-03,113,1473
2010-12-04,246,958
2010-12-05,166,845
2010-12-06,48,1134
2010-12-07,46,1026
2010-12-08,59,1075
2010-12-09,71,1197
2010-12-10,73,1203
2010-12-11,182,947
2010-12-12,43,377
2010-12-13,46,987
2010-12-14,38,805
2010-12-15,43,1006
2010-12-16,12,657
2010-12-17,35,819
2010-12-18,84,739
2010-12-19,101,698
2010-12-20,54,971
2010-12-21,50,986
2010-12-22,100,996
2010-12-23,61,677
2010-12-24,72,271
2010-12-25,102,86
2010-12-26,15,69
2010-12-27,26,272
2010-12-28,69,620
2010-12-29,111,812
2010-12-30,148,955
2010-12-31,283,651
2012-07-01,1422,4032
2012-07-02,903,5255
2012-07-03,1051,5531
2012-07-04,2561,4753
2012-07-05,1404,4795
2012-07-06,1366,4774
2012-07-07,1447,3342
2012-07-08,1202,3412
2012-07-09,998,5512
2012-07-10,954,5286
2012-07-11,975,6217
2012-07-12,1032,6343
2012-07-13,1511,5912
2012-07-14,2355,4536
2012-07-15,1921,4031
2012-07-16,1089,5678
2012-07-17,921,5796
2012-07-18,799,4868
2012-07-19,887,5659
2012-07-20,747,5071
2012-07-21,1264,3152
2012-07-22,2544,4794
2012-07-23,1135,5750
2012-07-24,1140,6388
2012-07-25,1383,6708
2012-07-26,1036,5771
2012-07-27,1259,5581
2012-07-28,2234,4374
2012-07-29,2153,4371
2012-07-30,1038,5996
2012-07-31,968,6169
2012-08-01,1074,6437
2012-08-02,983,6180
2012-08-03,1327,5762
2012-08-04,2345,4392
2012-08-05,1707,3688
2012-08-06,1233,5676
2012-08-07,1277,5924
2012-08-08,1260,6176
2012-08-09,1196,5993
2012-08-10,1065,4653
2012-08-11,2247,3985
2012-08-12,2182,4277
2012-08-13,1207,5592
2012-08-14,1128,5562
2012-08-15,1198,6065
2012-08-16,1338,6186
2012-08-17,1483,5603
2012-08-18,2827,4946
2012-08-19,1208,3287
2012-08-20,1026,5453
2012-08-21,1081,5860
2012-08-22,1094,6211
2012-08-23,1362,6330
2012-08-24,1324,6189
2012-08-25,1829,4143
2012-08-26,1483,3696
2012-08-27,989,5826
2012-08-28,935,6048
2012-08-29,1177,6459
2012-08-30,1172,6461
2012-08-31,1433,5843
2012-09-01,2350,3731
2012-09-02,2612,3137
2012-09-03,1965,3992
2012-09-04,867,5920
2012-09-05,832,6222
2012-09-06,611,5524
2012-09-07,1044,6366
2012-09-08,1558,4348
2012-09-09,2570,5549
2012-09-10,1118,6319
2012-09-11,1069,6626
2012-09-12,1050,6750
2012-09-13,1054,6688
2012-09-14,1379,6543
2012-09-15,3161,5462
2012-09-16,2166,5085
2012-09-17,1022,5753
2012-09-18,371,3658
2012-09-19,787,6731
2012-09-20,939,6720
2012-09-21,1250,6826
2012-09-22,2511,5805
2012-09-23,2454,5372
2012-09-24,1001,6339
2012-09-25,845,6622
2012-09-26,787,6874
2012-09-27,751,6560
2012-09-28,1045,6291
2012-09-29,2589,5881
2012-09-30,2015,4797
2017-10-01,4547,7455
2017-10-02,2096,10604
2017-10-03,2087,11397
2017-10-04,2087,11657
2017-10-05,2330,11562
2017-10-06,3797,11188
2017-10-07,7262,8215
2017-10-08,4501,5903
2017-10-09,2571,6459
2017-10-10,2678,10475
2017-10-11,1390,8984
2017-10-12,1788,9942
2017-10-13,2597,9772
2017-10-14,5572,8243
2017-10-15,4814,7514
2017-10-16,1985,9820
2017-10-17,1645,10641
2017-10-18,2023,10982
2017-10-19,2365,10949
2017-10-20,3343,10904
2017-10-21,6158,8306
2017-10-22,5571,7813
2017-10-23,2619,9983
2017-10-24,2148,11001
2017-10-25,1786,11035
2017-10-26,1578,10190
2017-10-27,2862,10287
2017-10-28,5483,7538
2017-10-29,1241,3350
2017-10-30,1461,8694
2017-10-31,1494,10091
2017-11-01,1094,9765
2017-11-02,1883,11042
2017-11-03,3092,10685
2017-11-04,3537,5741
2017-11-05,1590,4296
2017-11-06,1518,9498
2017-11-07,247,4865
2017-11-08,700,8554
2017-11-09,1014,8587
2017-11-10,1029,5726
2017-11-11,1448,4046
2017-11-12,1477,4220
2017-11-13,1032,8028
2017-11-14,807,8687
2017-11-15,808,8977
2017-11-16,1143,9057
2017-11-17,1312,8229
2017-11-18,2436,5319
2017-11-19,1425,4486
2017-11-20,1009,7626
2017-11-21,1220,8158
2017-11-22,965,6243
2017-11-23,1266,1841
2017-11-24,2265,3118
2017-11-25,3195,3982
2017-11-26,1342,3901
2017-11-27,846,8154
2017-11-28,795,8881
2017-11-29,874,9285
2017-11-30,942,9226
2017-12-01,1094,8565
2017-12-02,1930,5630
2017-12-03,1628,5081
2017-12-04,721,8164
2017-12-05,600,7692
2017-12-06,513,8028
2017-12-07,685,8036
2017-12-08,693,7188
2017-12-09,184,2162
2017-12-10,579,3572
2017-12-11,497,7374
2017-12-12,464,7261
2017-12-13,222,5632
2017-12-14,343,6749
2017-12-15,198,4767
2017-12-16,931,4253
2017-12-17,968,4173
2017-12-18,1049,7929
2017-12-19,1250,8670
2017-12-20,818,7518
2017-12-21,683,6321
2017-12-22,963,5196
2017-12-23,559,1905
2017-12-24,469,1572
2017-12-25,328,713
2017-12-26,404,2385
2017-12-27,387,2934
2017-12-28,248,2618
2017-12-29,344,2744
2017-12-30,243,1633
2017-12-31,116,1321
2018-08-01,2856,11343
2018-08-02,2221,9637
2018-08-03,2590,8742
2018-08-04,5994,9017
2018-08-05,5142,7786
2018-08-06,3184,9876
2018-08-07,2536,10127
2018-08-08,2580,10962
2018-08-09,3032,11233
2018-08-10,3407,10531
2018-08-11,4724,7753
2018-08-12,3498,6504
2018-08-13,2827,9976
2018-08-14,2781,11629
2018-08-15,2848,11644
2018-08-16,2672,11149
2018-08-17,2685,10049
2018-08-18,5280,8695
2018-08-19,4429,8391
2018-08-20,2830,10322
2018-08-21,1102,8658
2018-08-22,2426,11673
2018-08-23,2717,12464
2018-08-24,3066,11837
2018-08-25,4971,9689
2018-08-26,4264,8156
2018-08-27,1806,10098
2018-08-28,1856,10290
2018-08-29,1545,10373
2018-08-30,1628,10162
2018-08-31,2061,9542
2012-10-01,763,5936
2012-10-02,315,4272
2012-10-03,727,6769
2012-10-04,891,6384
2012-10-05,1516,6547
2012-10-06,3030,4859
2012-10-07,780,2683
2012-10-08,874,4548
2012-10-09,601,5736
2012-10-10,780,6832
2012-10-11,833,6676
2012-10-12,1059,6148
2012-10-13,2252,4788
2012-10-14,2078,4481
2012-10-15,760,5066
2012-10-16,921,6540
2012-10-17,979,6420
2012-10-18,1008,6436
2012-10-19,753,4605
2012-10-20,2804,5214
2012-10-21,2131,4628
2012-10-22,830,6166
2012-10-23,839,6558
2012-10-24,795,6835
2012-10-25,874,6423
2012-10-26,1181,6185
2012-10-27,2641,5128
2012-10-28,998,3411
2012-10-29,2,19
2012-10-30,87,993
2012-10-31,419,5092
2012-11-01,464,5468
2012-11-02,617,5178
2012-11-03,1029,4058
2012-11-04,1201,3858
2012-11-05,378,4829
2012-11-06,466,5173
2012-11-07,326,4668
2012-11-08,340,4934
2012-11-09,709,5237
2012-11-10,2088,4390
2012-11-11,2290,4487
2012-11-12,1098,5120
2012-11-13,327,3733
2012-11-14,373,5064
2012-11-15,320,5074
2012-11-16,484,5158
2012-11-17,1313,4269
2012-11-18,922,3715
2012-11-19,449,5004
2012-11-20,534,5049
2012-11-21,615,4486
2012-11-22,954,1439
2012-11-23,1602,2262
2012-11-24,532,1727
2012-11-25,309,2093
2012-11-26,337,4703
2012-11-27,123,3807
2012-11-28,198,5047
2012-11-29,243,5036
2012-11-30,362,5255
2012-12-01,949,4187
2012-12-02,890,3710
2012-12-03,555,5628
2012-12-04,551,6011
2012-12-05,331,5334
2012-12-06,340,5005
2012-12-07,349,4613
2012-12-08,1154,4372
2012-12-09,441,2757
2012-12-10,329,4798
2012-12-11,282,5174
2012-12-12,309,4970
2012-12-13,425,5057
2012-12-14,429,5132
2012-12-15,766,4215
2012-12-16,538,3205
2012-12-17,212,4338
2012-12-18,433,5080
2012-12-19,333,4901
2012-12-20,314,3783
2012-12-21,221,3363
2012-12-22,205,1528
2012-12-23,408,1359
2012-12-24,174,735
2012-12-25,440,564
2012-12-26,9,426
2012-12-27,247,1849
2012-12-28,644,2424
2012-12-29,158,1170
2012-12-30,364,1416
2012-12-31,439,2272
2018-01-01,145,1068
2018-01-02,179,3613
2018-01-03,279,4469
2018-01-04,66,2302
2018-01-05,62,2647
2018-01-06,52,1437
2018-01-07,126,1627
2018-01-08,174,3906
2018-01-09,392,5732
2018-01-10,510,6591
2018-01-11,679,7531
2018-01-12,566,5284
2018-01-13,559,2819
2018-01-14,272,2068
2018-01-15,332,2991
2018-01-16,384,6452
2018-01-17,124,3984
2018-01-18,326,5871
2018-01-19,794,6810
2018-01-20,2284,5749
2018-01-21,1572,4970
2018-01-22,913,8472
2018-01-23,612,7588
2018-01-24,378,7350
2018-01-25,366,6730
2018-01-26,636,6658
2018-01-27,2863,5844
2018-01-28,387,2480
2018-01-29,407,6858
2018-01-30,234,5629
2018-01-31,326,6061
2018-07-01,3784,6677
2018-07-02,2696,9146
2018-07-03,3061,9733
2018-07-04,6326,8359
2018-07-05,4025,10199
2018-07-06,4246,10059
2018-07-07,7089,9977
2018-07-08,5897,9050
2018-07-09,3250,11056
2018-07-10,2443,11096
2018-07-11,3041,11293
2018-07-12,3184,11712
2018-07-13,3547,11703
2018-07-14,6461,9294
2018-07-15,4870,8240
2018-07-16,2870,10269
2018-07-17,1954,9993
2018-07-18,3058,12266
2018-07-19,3345,11867
2018-07-20,4330,11683
2018-07-21,759,2035
2018-07-22,2655,5571
2018-07-23,2175,8186
2018-07-24,1216,6364
2018-07-25,1564,8097
2018-07-26,3150,11690
2018-07-27,3154,10378
2018-07-28,6343,9666
2018-07-29,5998,8890
2018-07-30,2411,7824
2018-07-31,2570,10916
2014-04-01,1507,7864
2014-04-02,1328,7558
2014-04-03,1432,7675
2014-04-04,1505,7372
2014-04-05,4624,6130
2014-04-06,3676,6141
2014-04-07,148,2653
2014-04-08,1097,7752
2014-04-09,1484,8388
2014-04-10,2347,8894
2014-04-11,2982,8450
2014-04-12,7918,7646
2014-04-13,7450,6969
2014-04-14,3082,7492
2014-04-15,190,1626
2014-04-16,1356,6415
2014-04-17,1515,7109
2014-04-18,2323,7018
2014-04-19,5910,6016
2014-04-20,4095,5418
2014-04-21,2029,7641
2014-04-22,1263,7845
2014-04-23,1201,7724
2014-04-24,1608,8196
2014-04-25,1548,6026
2014-04-26,4959,6551
2014-04-27,4496,6545
2014-04-28,1253,5162
2014-04-29,208,2907
2014-04-30,57,1736
2014-05-01,1272,8306
2014-05-02,1880,8453
2014-05-03,4209,6973
2014-05-04,3810,6702
2014-05-05,1398,6689
2014-05-06,1744,8659
2014-05-07,929,7633
2014-05-08,1559,8844
2014-05-09,2007,8402
2014-05-10,2588,5643
2014-05-11,4122,6847
2014-05-12,1736,7698
2014-05-13,1659,8271
2014-05-14,1533,8188
2014-05-15,1517,7883
2014-05-16,1548,6485
2014-05-17,4251,6952
2014-05-18,3609,6598
2014-05-19,2139,8294
2014-05-20,2067,8780
2014-05-21,1301,7202
2014-05-22,1845,8481
2014-05-23,2177,8222
2014-05-24,5142,5383
2014-05-25,6742,5343
2014-05-26,5030,5659
2014-05-27,1632,6589
2014-05-28,1497,8425
2014-05-29,548,4759
2014-05-30,2014,8791
2014-05-31,4526,7548
2014-06-01,3785,7147
2014-06-02,1863,8492
2014-06-03,1617,8750
2014-06-04,1509,8657
2014-06-05,1518,9219
2014-06-06,2183,9626
2014-06-07,4275,7565
2014-06-08,3843,6745
2014-06-09,2004,8492
2014-06-10,1470,8078
2014-06-11,1213,7399
2014-06-12,1167,8043
2014-06-13,1522,7935
2014-06-14,4318,7576
2014-06-15,3981,7055
2014-06-16,1923,8509
2014-06-17,1723,8783
2014-06-18,1536,8455
2014-06-19,1717,8707
2014-06-20,2443,9191
2014-06-21,3639,6167
2014-06-22,3812,7016
2014-06-23,2214,8624
2014-06-24,1958,9211
2014-06-25,1705,8490
2014-06-26,1737,9228
2014-06-27,2274,8365
2014-06-28,3934,6916
2014-06-29,4119,6659
2014-06-30,2069,8402
2014-10-01,1229,9321
2014-10-02,1504,10192
2014-10-03,1688,9215
2014-10-04,3370,7272
2014-10-05,2809,6838
2014-10-06,1655,9000
2014-10-07,1122,8342
2014-10-08,1435,9826
2014-10-09,1614,9616
2014-10-10,1304,6840
2014-10-11,1572,4125
2014-10-12,3492,5927
2014-10-13,1080,5531
2014-10-14,1560,9340
2014-10-15,444,5656
2014-10-16,1180,8896
2014-10-17,2659,9281
2014-10-18,3938,6910
2014-10-19,2273,5848
2014-10-20,1202,8224
2014-10-21,745,6722
2014-10-22,240,4146
2014-10-23,1055,8699
2014-10-24,1716,8737
2014-10-25,3828,7354
2014-10-26,3307,6946
2014-10-27,1577,8961
2014-10-28,1419,10163
2014-10-29,771,8625
2014-10-30,887,9158
2014-10-31,1131,8444
2014-11-01,1128,4936
2014-11-02,894,4749
2014-11-03,619,7944
2014-11-04,750,9059
2014-11-05,700,8418
2014-11-06,422,6884
2014-11-07,846,7844
2014-11-08,1772,5779
2014-11-09,2002,5824
2014-11-10,1175,8119
2014-11-11,1720,9052
2014-11-12,779,8760
2014-11-13,485,6639
2014-11-14,479,6539
2014-11-15,1217,4721
2014-11-16,862,3875
2014-11-17,169,3914
2014-11-18,271,5257
2014-11-19,194,5788
2014-11-20,311,6923
2014-11-21,413,5932
2014-11-22,908,4653
2014-11-23,1107,4453
2014-11-24,1070,8072
2014-11-25,888,7239
2014-11-26,53,1371
2014-11-27,431,1412
2014-11-28,520,2089
2014-11-29,1010,2641
2014-11-30,973,3993
2014-12-01,460,5854
2014-12-02,57,2596
2014-12-03,223,6630
2014-12-04,346,6986
2014-12-05,279,5707
2014-12-06,287,2390
2014-12-07,703,4550
2014-12-08,263,5763
2014-12-09,75,3215
2014-12-10,261,6436
2014-12-11,293,6027
2014-12-12,446,6314
2014-12-13,738,4885
2014-12-14,754,4493
2014-12-15,554,7084
2014-12-16,212,5735
2014-12-17,495,6874
2014-12-18,241,6072
2014-12-19,308,5559
2014-12-20,442,3405
2014-12-21,622,2930
2014-12-22,155,2808
2014-12-23,224,3496
2014-12-24,57,1155
2014-12-25,779,856
2014-12-26,1170,1741
2014-12-27,2151,2030
2014-12-28,1126,1735
2014-12-29,1175,3967
2014-12-30,801,4361
2014-12-31,549,3660
2012-04-01,2347,3632
2012-04-02,1209,4672
2012-04-03,1348,5357
2012-04-04,1059,5324
2012-04-05,1192,5196
2012-04-06,1808,4603
2012-04-07,3255,3551
2012-04-08,2232,2895
2012-04-09,905,4639
2012-04-10,819,5048
2012-04-11,482,4336
2012-04-12,663,4689
2012-04-13,1252,5080
2012-04-14,2792,4575
2012-04-15,2844,4211
2012-04-16,1197,5106
2012-04-17,988,5631
2012-04-18,347,3987
2012-04-19,845,5641
2012-04-20,1341,5861
2012-04-21,2540,4000
2012-04-22,120,880
2012-04-23,194,2964
2012-04-24,515,5049
2012-04-25,655,5482
2012-04-26,475,4514
2012-04-27,1013,5168
2012-04-28,1120,3056
2012-04-29,2230,4013
2012-04-30,667,4861
2012-05-01,653,5040
2012-05-02,667,5435
2012-05-03,764,5594
2012-05-04,1069,5145
2012-05-05,2498,4324
2012-05-06,2138,4152
2012-05-07,1007,5202
2012-05-08,737,4952
2012-05-09,620,4054
2012-05-10,1027,5473
2012-05-11,1317,5626
2012-05-12,2623,4711
2012-05-13,2171,3893
2012-05-14,341,2478
2012-05-15,624,4449
2012-05-16,990,6265
2012-05-17,1241,6046
2012-05-18,1521,6035
2012-05-19,3408,4791
2012-05-20,2702,4340
2012-05-21,630,3687
2012-05-22,819,5173
2012-05-23,765,4434
2012-05-24,1058,5647
2012-05-25,1417,5251
2012-05-26,2854,3617
2012-05-27,3284,3251
2012-05-28,2558,3433
2012-05-29,878,4808
2012-05-30,745,6024
2012-05-31,1098,6164
2012-06-01,530,3548
2012-06-02,2793,5232
2012-06-03,2494,5055
2012-06-04,1070,5835
2012-06-05,967,5974
2012-06-06,1026,5956
2012-06-07,1038,6372
2012-06-08,1487,6168
2012-06-09,2706,4715
2012-06-10,2223,4309
2012-06-11,1013,5577
2012-06-12,477,4439
2012-06-13,1171,6182
2012-06-14,1178,6121
2012-06-15,1563,6018
2012-06-16,2962,4668
2012-06-17,2636,4270
2012-06-18,650,4401
2012-06-19,966,5790
2012-06-20,869,5268
2012-06-21,775,5050
2012-06-22,961,4798
2012-06-23,2653,4720
2012-06-24,2552,4271
2012-06-25,1138,5568
2012-06-26,1077,6285
2012-06-27,1077,6176
2012-06-28,921,5877
2012-06-29,829,4566
2012-06-30,1454,4170
2011-01-01,330,629
2011-01-02,130,651
2011-01-03,120,1181
2011-01-04,107,1429
2011-01-05,82,1489
2011-01-06,88,1485
2011-01-07,148,1345
2011-01-08,68,871
2011-01-09,54,748
2011-01-10,41,1257
2011-01-11,43,1188
2011-01-12,25,1116
2011-01-13,37,1346
2011-01-14,54,1330
2011-01-15,222,1018
2011-01-16,251,937
2011-01-17,117,876
2011-01-18,9,663
2011-01-19,78,1553
2011-01-20,81,1815
2011-01-21,73,1449
2011-01-22,93,876
2011-01-23,150,827
2011-01-24,86,1319
2011-01-25,186,1785
2011-01-26,34,466
2011-01-27,15,409
2011-01-28,38,1113
2011-01-29,123,947
2011-01-30,140,944
2011-01-31,42,1376
2011-02-01,47,1284
2011-02-02,72,1430
2011-02-03,61,1473
2011-02-04,88,1603
2011-02-05,100,892
2011-02-06,354,1249
2011-02-07,119,1568
2011-02-08,64,1446
2011-02-09,52,1540
2011-02-10,46,1474
2011-02-11,148,1576
2011-02-12,288,1167
2011-02-13,396,1162
2011-02-14,207,1685
2011-02-15,139,1641
2011-02-16,218,1861
2011-02-17,258,2185
2011-02-18,578,2314
2011-02-19,532,1077
2011-02-20,639,1148
2011-02-21,195,898
2011-02-22,74,1358
2011-02-23,139,1740
2011-02-24,100,1686
2011-02-25,120,1323
2011-02-26,424,1519
2011-02-27,694,1677
2011-02-28,80,1350
2011-03-01,137,1695
2011-03-02,231,1878
2011-03-03,123,1536
2011-03-04,214,1709
2011-03-05,640,1414
2011-03-06,113,469
2011-03-07,243,1599
2011-03-08,316,1781
2011-03-09,191,1677
2011-03-10,46,570
2011-03-11,247,1706
2011-03-12,724,1380
2011-03-13,979,1396
2011-03-14,359,1673
2011-03-15,288,1736
2011-03-16,321,1851
2011-03-17,423,2295
2011-03-18,883,2311
2011-03-19,1422,1634
2011-03-20,1046,1372
2011-03-21,401,1657
2011-03-22,460,2207
2011-03-23,203,1898
2011-03-24,166,1678
2011-03-25,300,1886
2011-03-26,981,1477
2011-03-27,470,1195
2011-03-28,222,1782
2011-03-29,317,2080
2011-03-30,168,1351
2011-03-31,179,1489
2011-04-01,307,1885
2011-04-02,897,1328
2011-04-03,1651,1561
2011-04-04,734,2345
2011-04-05,167,1601
2011-04-06,413,2363
2011-04-07,570,2431
2011-04-08,172,1282
2011-04-09,879,1549
2011-04-10,1188,1662
2011-04-11,854,2450
2011-04-12,257,1740
2011-04-13,208,1920
2011-04-14,527,2683
2011-04-15,642,2441
2011-04-16,121,654
2011-04-17,1555,2123
2011-04-18,668,2701
2011-04-19,409,2730
2011-04-20,612,3286
2011-04-21,743,3249
2011-04-22,177,1471
2011-04-23,1460,2510
2011-04-24,1708,2408
2011-04-25,772,3249
2011-04-26,675,3656
2011-04-27,545,3264
2011-04-28,568,3428
2011-04-29,877,3560
2011-04-30,1963,3251
2011-05-01,1137,2158
2011-05-02,845,3484
2011-05-03,603,3763
2011-05-04,252,2343
2011-05-05,611,3727
2011-05-06,891,3645
2011-05-07,1605,3011
2011-05-08,1400,2845
2011-05-09,661,3622
2011-05-10,691,4042
2011-05-11,550,3554
2011-05-12,694,4076
2011-05-13,690,3348
2011-05-14,899,2453
2011-05-15,1582,2902
2011-05-16,772,3137
2011-05-17,678,3389
2011-05-18,535,3277
2011-05-19,734,3769
2011-05-20,907,3937
2011-05-21,2254,3477
2011-05-22,1576,3020
2011-05-23,834,3390
2011-05-24,659,3763
2011-05-25,739,4178
2011-05-26,757,3874
2011-05-27,869,3753
2011-05-28,2000,2693
2011-05-29,2352,2391
2011-05-30,1548,2499
2011-05-31,671,3269
2011-06-01,512,3419
2011-06-02,736,4176
2011-06-03,898,4344
2011-06-04,1864,3384
2011-06-05,1684,3175
2011-06-06,670,3818
2011-06-07,760,4023
2011-06-08,675,3683
2011-06-09,562,3326
2011-06-10,814,3726
2011-06-11,1727,3174
2011-06-12,1467,2940
2011-06-13,863,4106
2011-06-14,726,4103
2011-06-15,769,4354
2011-06-16,544,3181
2011-06-17,862,3910
2011-06-18,1806,3248
2011-06-19,1638,3038
2011-06-20,697,3270
2011-06-21,770,3999
2011-06-22,655,3790
2011-06-23,745,3979
2011-06-24,969,3961
2011-06-25,1781,3333
2011-06-26,1918,3323
2011-06-27,853,3802
2011-06-28,729,3851
2011-06-29,848,4307
2011-06-30,1024,4432
2011-07-01,1244,4052
2011-07-02,2204,2848
2011-07-03,2279,2312
2011-07-04,3060,2915
2011-07-05,1030,3584
2011-07-06,783,3786
2011-07-07,754,3753
2011-07-08,689,3290
2011-07-09,1987,3281
2011-07-10,1744,3083
2011-07-11,720,3320
2011-07-12,661,3546
2011-07-13,745,3544
2011-07-14,888,4129
2011-07-15,1318,4157
2011-07-16,2417,3430
2011-07-17,2005,3240
2011-07-18,841,3563
2011-07-19,751,3718
2011-07-20,643,3630
2011-07-21,631,3106
2011-07-22,560,2788
2011-07-23,986,2255
2011-07-24,1049,2513
2011-07-25,566,3224
2011-07-26,749,3761
2011-07-27,753,3849
2011-07-28,606,3740
2011-07-29,669,3150
2011-07-30,1559,2858
2011-07-31,1523,2739
2011-08-01,729,3487
2011-08-02,800,4004
2011-08-03,467,3062
2011-08-04,799,3730
2011-08-05,1023,3795
2011-08-06,1519,2726
2011-08-07,1296,2441
2011-08-08,845,3431
2011-08-09,908,3642
2011-08-10,884,3826
2011-08-11,811,3926
2011-08-12,1049,3799
2011-08-13,1499,2586
2011-08-14,1337,2437
2011-08-15,774,3507
2011-08-16,721,3952
2011-08-17,668,3974
2011-08-18,639,3117
2011-08-19,797,3305
2011-08-20,1914,3190
2011-08-21,1247,2562
2011-08-22,831,3868
2011-08-23,1268,4550
2011-08-24,941,4123
2011-08-25,435,3055
2011-08-26,768,3839
2011-08-27,225,880
2011-08-28,1414,2875
2011-08-29,729,3847
2011-08-30,772,4376
2011-08-31,688,4310
2011-09-01,783,4276
2011-09-02,873,3809
2011-09-03,1933,2493
2011-09-04,2522,2379
2011-09-05,1236,2074
2011-09-06,204,2462
2011-09-07,118,1846
2011-09-08,153,1657
2011-09-09,417,3093
2011-09-10,1749,3521
2011-09-11,1633,3324
2011-09-12,688,3950
2011-09-13,701,4012
2011-09-14,646,4090
2011-09-15,428,3184
2011-09-16,741,3952
2011-09-17,1431,3031
2011-09-18,1353,2875
2011-09-19,688,3779
2011-09-20,437,3156
2011-09-21,537,3768
2011-09-22,555,4188
2011-09-23,258,2109
2011-09-24,1777,3576
2011-09-25,1544,3416
2011-09-26,681,3906
2011-09-27,476,3593
2011-09-28,481,3396
2011-09-29,653,4140
2011-09-30,830,4320
2011-10-01,476,1926
2011-10-02,616,2268
2011-10-03,330,3199
2011-10-04,485,3920
2011-10-05,559,4212
2011-10-06,639,4078
2011-10-07,949,3976
2011-10-08,2233,3104
2011-10-09,2397,3048
2011-10-10,1513,3539
2011-10-11,666,3837
2011-10-12,217,2175
2011-10-13,290,2592
2011-10-14,528,3064
2011-10-15,1896,3240
2011-10-16,1748,3223
2011-10-17,713,3806
2011-10-18,635,4064
2011-10-19,254,2144
2011-10-20,471,3681
2011-10-21,676,3582
2011-10-22,1499,2749
2011-10-23,1619,2707
2011-10-24,698,3444
2011-10-25,694,3936
2011-10-26,404,3452
2011-10-27,240,2389
2011-10-28,455,3253
2011-10-29,57,562
2011-10-30,885,2403
2011-10-31,362,3271
2011-11-01,410,3628
2011-11-02,367,3769
2011-11-03,317,3597
2011-11-04,470,3533
2011-11-05,1154,2733
2011-11-06,952,2659
2011-11-07,373,3602
2011-11-08,376,3773
2011-11-09,305,3752
2011-11-10,190,2713
2011-11-11,440,2897
2011-11-12,1275,2758
2011-11-13,1004,2680
2011-11-14,594,3833
2011-11-15,449,3712
2011-11-16,145,1660
2011-11-17,139,2886
2011-11-18,243,3113
2011-11-19,941,2679
2011-11-20,787,2685
2011-11-21,220,2510
2011-11-22,69,1518
2011-11-23,112,2423
2011-11-24,559,918
2011-11-25,1095,1677
2011-11-26,1249,1776
2011-11-27,808,2221
2011-11-28,253,3559
2011-11-29,96,2791
2011-11-30,187,3389
2011-12-01,182,3500
2011-12-02,268,3633
2011-12-03,705,2857
2011-12-04,633,2808
2011-12-05,233,3511
2011-12-06,126,2437
2011-12-07,50,648
2011-12-08,150,3145
2011-12-09,259,3324
2011-12-10,502,2658
2011-12-11,376,2337
2011-12-12,143,3121
2011-12-13,154,3327
2011-12-14,178,3515
2011-12-15,180,3490
2011-12-16,178,3359
2011-12-17,275,2435
2011-12-18,220,2182
2011-12-19,259,3107
2011-12-20,216,3498
2011-12-21,107,2533
2011-12-22,227,2801
2011-12-23,163,2019
2011-12-24,154,840
2011-12-25,303,439
2011-12-26,429,864
2011-12-27,103,1049
2011-12-28,255,2020
2011-12-29,254,2149
2011-12-30,491,2476
2011-12-31,665,1792
2018-10-01,1572,10937
2018-10-02,1737,11906
2018-10-03,1587,12143
2018-10-04,1584,11715
2018-10-05,2166,11407
2018-10-06,4164,9137
2018-10-07,4517,9017
2018-10-08,2882,9483
2018-10-09,1658,10591
2018-10-10,1616,11457
2018-10-11,648,6324
2018-10-12,2221,11000
2018-10-13,2997,8293
2018-10-14,1931,6108
2018-10-15,959,7562
2018-10-16,1128,10613
2018-10-17,1368,11275
2018-10-18,1325,10254
2018-10-19,1812,10148
2018-10-20,3166,8224
2018-10-21,1691,6015
2018-10-22,1199,9002
2018-10-23,1180,10552
2018-10-24,986,10015
2018-10-25,1044,9296
2018-10-26,738,6742
2018-10-27,774,3950
2018-10-28,2039,6541
2018-10-29,931,8935
2018-10-30,966,10398
2018-10-31,1038,10357
2017-04-01,4509,5812
2017-04-02,6954,6760
2017-04-03,2512,8356
2017-04-04,2921,9745
2017-04-05,3191,10354
2017-04-06,583,5770
2017-04-07,996,6600
2017-04-08,6217,6291
2017-04-09,7917,7216
2017-04-10,4282,9460
2017-04-11,4858,10513
2017-04-12,3735,10353
2017-04-13,4859,10575
2017-04-14,6530,9508
2017-04-15,10173,6723
2017-04-16,7474,5655
2017-04-17,2633,7645
2017-04-18,3406,10346
2017-04-19,2303,9390
2017-04-20,3306,8967
2017-04-21,4349,9192
2017-04-22,1330,3155
2017-04-23,4902,5842
2017-04-24,581,5103
2017-04-25,733,7233
2017-04-26,1881,10088
2017-04-27,2990,10797
2017-04-28,4237,10154
2017-04-29,7154,7258
2017-04-30,6724,6889
2017-05-01,2304,8678
2017-05-02,2518,10794
2017-05-03,2482,10449
2017-05-04,2195,9656
2017-05-05,1511,5752
2017-05-06,1769,4073
2017-05-07,3801,5812
2017-05-08,2330,9082
2017-05-09,2266,10103
2017-05-10,2760,10769
2017-05-11,320,3327
2017-05-12,1395,5818
2017-05-13,2843,5334
2017-05-14,6161,6705
2017-05-15,3058,9522
2017-05-16,2829,10811
2017-05-17,2480,10299
2017-05-18,2606,9798
2017-05-19,3533,9894
2017-05-20,6994,6801
2017-05-21,5096,6005
2017-05-22,2180,6926
2017-05-23,2080,8442
2017-05-24,2281,9661
2017-05-25,1167,5547
2017-05-26,4224,9367
2017-05-27,6531,4944
2017-05-28,6180,4008
2017-05-29,6971,5960
2017-05-30,2245,8058
2017-05-31,2653,9519
2017-06-01,3066,10589
2017-06-02,3798,10312
2017-06-03,6514,7384
2017-06-04,5808,6826
2017-06-05,2026,8614
2017-06-06,3125,11014
2017-06-07,2223,10339
2017-06-08,3234,10718
2017-06-09,4290,10285
2017-06-10,7360,7317
2017-06-11,5248,6587
2017-06-12,2901,9404
2017-06-13,2636,9898
2017-06-14,2820,10387
2017-06-15,3447,10396
2017-06-16,3285,9180
2017-06-17,6206,6987
2017-06-18,5131,6030
2017-06-19,2298,7125
2017-06-20,3173,10804
2017-06-21,2968,11042
2017-06-22,3127,10372
2017-06-23,3286,9232
2017-06-24,6915,7406
2017-06-25,6402,7219
2017-06-26,3842,10550
2017-06-27,3532,11483
2017-06-28,3416,11477
2017-06-29,3168,10777
2017-06-30,3783,9969
2014-07-01,1898,8604
2014-07-02,1691,7874
2014-07-03,1925,6673
2014-07-04,5997,5900
2014-07-05,7096,5730
2014-07-06,4972,5954
2014-07-07,2111,7942
2014-07-08,1383,7160
2014-07-09,1516,7283
2014-07-10,1543,7146
2014-07-11,2546,8683
2014-07-12,4894,6618
2014-07-13,3471,5870
2014-07-14,1885,6654
2014-07-15,1374,6478
2014-07-16,2282,9026
2014-07-17,2589,9021
2014-07-18,3126,8531
2014-07-19,5247,6517
2014-07-20,4664,6141
2014-07-21,2852,8177
2014-07-22,2612,8580
2014-07-23,2191,8030
2014-07-24,2398,8292
2014-07-25,3619,8692
2014-07-26,5559,6424
2014-07-27,4158,5847
2014-07-28,2621,8067
2014-07-29,2570,8788
2014-07-30,2477,8882
2014-07-31,2496,8486
2014-08-01,2210,7641
2014-08-02,5216,5621
2014-08-03,3925,5899
2014-08-04,2939,7948
2014-08-05,2546,8170
2014-08-06,2603,8348
2014-08-07,2579,8484
2014-08-08,3326,7948
2014-08-09,4724,5632
2014-08-10,4958,5721
2014-08-11,2776,6836
2014-08-12,880,5090
2014-08-13,2532,8350
2014-08-14,2660,8346
2014-08-15,3481,8461
2014-08-16,5827,6424
2014-08-17,4385,6203
2014-08-18,2514,8200
2014-08-19,1865,8665
2014-08-20,1928,7222
2014-08-21,2019,7716
2014-08-22,2205,8039
2014-08-23,2045,4386
2014-08-24,3841,6951
2014-08-25,2145,8599
2014-08-26,1921,8953
2014-08-27,2078,9060
2014-08-28,2016,9045
2014-08-29,2847,8765
2014-08-30,4945,5269
2014-08-31,4547,4393
2014-09-01,3306,4997
2014-09-02,1403,7220
2014-09-03,1417,8995
2014-09-04,1561,9269
2014-09-05,1859,9147
2014-09-06,2781,6534
2014-09-07,3622,7607
2014-09-08,1728,8649
2014-09-09,1471,9507
2014-09-10,1403,9830
2014-09-11,1325,9672
2014-09-12,2193,9986
2014-09-13,2147,6060
2014-09-14,4086,7825
2014-09-15,1861,9487
2014-09-16,1905,10229
2014-09-17,1693,9940
2014-09-18,1447,10060
2014-09-19,2019,9836
2014-09-20,4472,8205
2014-09-21,3421,7316
2014-09-22,1563,9439
2014-09-23,1367,10225
2014-09-24,1112,8197
2014-09-25,518,6127
2014-09-26,2251,9880
2014-09-27,4422,8204
2014-09-28,3605,7299
2014-09-29,1587,9040
2014-09-30,1416,10192
2018-06-01,3418,10599
2018-06-02,4076,7092
2018-06-03,451,1652
2018-06-04,3666,11097
2018-06-05,2673,11472
2018-06-06,2973,11928
2018-06-07,3590,12116
2018-06-08,4360,11198
2018-06-09,5568,8141
2018-06-10,4611,7331
2018-06-11,2123,8688
2018-06-12,3629,12189
2018-06-13,3077,11650
2018-06-14,3539,11833
2018-06-15,4317,11500
2018-06-16,6391,8794
2018-06-17,4712,7351
2018-06-18,2783,9772
2018-06-19,2059,9976
2018-06-20,2102,9859
2018-06-21,3001,10895
2018-06-22,994,5544
2018-06-23,3915,7275
2018-06-24,4821,7744
2018-06-25,3138,11009
2018-06-26,3025,11749
2018-06-27,2380,10537
2018-06-28,3065,11771
2018-06-29,3582,10455
2018-06-30,4976,8106
2016-01-01,999,2221
2016-01-02,1522,3399
2016-01-03,1242,3723
2016-01-04,274,4859
2016-01-05,249,4601
2016-01-06,253,5459
2016-01-07,371,6221
2016-01-08,347,5806
2016-01-09,765,4549
2016-01-10,956,4707
2016-01-11,428,5866
2016-01-12,387,6103
2016-01-13,271,5349
2016-01-14,478,6686
2016-01-15,506,5477
2016-01-16,1436,4472
2016-01-17,606,2794
2016-01-18,142,2357
2016-01-19,57,3855
2016-01-20,64,4257
2016-01-21,71,4157
2016-01-22,62,2923
2016-01-27,3,525
2016-01-28,38,1984
2016-01-29,94,2848
2016-01-30,321,2501
2016-01-31,477,3134
2016-02-01,190,4414
2016-02-02,227,6357
2016-02-03,72,4171
2016-02-04,301,6390
2016-02-05,382,5440
2016-02-06,788,4254
2016-02-07,671,3993
2016-02-08,266,5728
2016-02-09,111,3942
2016-02-10,184,5309
2016-02-11,91,4155
2016-02-12,172,4191
2016-02-13,118,1417
2016-02-14,225,1626
2016-02-15,24,477
2016-02-16,83,3155
2016-02-17,241,5856
2016-02-18,217,5605
2016-02-19,289,5344
2016-02-20,2651,5594
2016-02-21,733,3521
2016-02-22,522,6626
2016-02-23,57,2528
2016-02-24,67,3212
2016-02-25,169,6161
2016-02-26,146,5199
2016-02-27,982,4450
2016-02-28,2792,5940
2016-02-29,647,7181
2016-03-01,686,7902
2016-03-02,210,5708
2016-03-03,251,5651
2016-03-04,273,5072
2016-03-05,1109,4225
2016-03-06,1539,4360
2016-03-07,1479,7524
2016-03-08,1670,8888
2016-03-09,1925,9289
2016-03-10,1910,9044
2016-03-11,2290,8929
2016-03-12,3962,6466
2016-03-13,1426,3768
2016-03-14,870,6801
2016-03-15,1015,7543
2016-03-16,3953,9403
2016-03-17,1786,8887
2016-03-18,2561,8868
2016-03-19,496,2731
2016-03-20,763,3769
2016-03-21,838,6742
2016-03-22,1410,8353
2016-03-23,2380,9960
2016-03-24,3139,10224
2016-03-25,3274,8938
2016-03-26,7027,7089
2016-03-27,3745,4819
2016-03-28,1485,6945
2016-03-29,1658,8563
2016-03-30,2050,8823
2016-03-31,1950,9079
2018-09-01,4083,6749
2018-09-02,5892,8339
2018-09-03,3730,7076
2018-09-04,1351,9574
2018-09-05,1415,11145
2018-09-06,1548,11138
2018-09-07,1323,8094
2018-09-08,1781,6165
2018-09-09,422,2378
2018-09-10,1146,8822
2018-09-11,1475,10629
2018-09-12,1425,10957
2018-09-13,1498,11083
2018-09-14,1884,10980
2018-09-15,3835,9506
2018-09-16,3198,8710
2018-09-17,559,6385
2018-09-18,1036,9589
2018-09-19,1805,11895
2018-09-20,1919,11700
2018-09-21,2120,10594
2018-09-22,4138,9687
2018-09-23,446,2340
2018-09-24,490,5841
2018-09-25,923,9352
2018-09-26,1194,10006
2018-09-27,579,6176
2018-09-28,2120,10889
2018-09-29,4551,10050
2018-09-30,3445,8620
2013-01-01,421,1543
2013-01-02,284,3389
2013-01-03,297,3547
2013-01-04,297,3781
2013-01-05,509,3007
2013-01-06,585,3166
2013-01-07,332,4409
2013-01-08,442,4832
2013-01-09,356,4754
2013-01-10,359,5023
2013-01-11,254,3840
2013-01-12,1239,4334
2013-01-13,834,3280
2013-01-14,444,4579
2013-01-15,224,2673
2013-01-16,197,3280
2013-01-17,361,4408
2013-01-18,340,4132
2013-01-19,1199,3719
2013-01-20,1656,4043
2013-01-21,1026,3500
2013-01-22,89,2842
2013-01-23,69,3115
2013-01-24,20,2405
2013-01-25,44,2310
2013-01-26,179,2560
2013-01-27,263,2726
2013-01-28,65,2647
2013-01-29,321,5470
2013-01-30,182,4460
2013-01-31,120,4205
2013-02-01,84,3077
2013-02-02,233,2217
2013-02-03,185,2370
2013-02-04,122,3797
2013-02-05,151,4427
2013-02-06,179,4692
2013-02-07,175,4263
2013-02-08,146,3205
2013-02-09,424,3004
2013-02-10,501,3075
2013-02-11,151,4071
2013-02-12,281,5342
2013-02-13,171,3362
2013-02-14,355,4762
2013-02-15,683,4632
2013-02-16,679,2526
2013-02-17,483,2004
2013-02-18,534,2786
2013-02-19,163,3769
2013-02-20,190,4162
2013-02-21,187,3922
2013-02-22,123,3403
2013-02-23,211,2336
2013-02-24,846,3479
2013-02-25,331,4617
2013-02-26,149,2593
2013-02-27,363,5025
2013-02-28,296,4788
2013-03-01,329,4557
2013-03-02,674,3033
2013-03-03,475,2573
2013-03-04,311,4101
2013-03-05,444,4737
2013-03-06,79,1046
2013-03-07,315,4691
2013-03-08,410,4425
2013-03-09,2168,4600
2013-03-10,2328,4436
2013-03-11,1026,5013
2013-03-12,449,3796
2013-03-13,625,5068
2013-03-14,440,4386
2013-03-15,1201,5129
2013-03-16,1811,4357
2013-03-17,982,2960
2013-03-18,248,2499
2013-03-19,674,5268
2013-03-20,556,5250
2013-03-21,308,4200
2013-03-22,682,4725
2013-03-23,2473,4006
2013-03-24,1109,2748
2013-03-25,84,1828
2013-03-26,647,4936
2013-03-27,646,5154
2013-03-28,699,4884
2013-03-29,1968,5416
2013-03-30,5006,4592
2013-03-31,1401,2384
